{"cameraMode":{"drawMode":0,"name":"Shaded","section":"Shading Mode"},"sceneLighting":true,"audioPlay":false,"sceneViewState":{"showFog":true,"showMaterialUpdate":false,"showSkybox":true,"showFlares":true,"showImageEffects":true,"showParticleSystems":true},"in2DMode":false,"pivot":{"x":-0.12012427300214768,"y":1.9700000286102296,"z":5.052031993865967},"rotation":{"x":-0.19095298647880555,"y":0.04179960861802101,"z":-0.008139087818562985,"w":-0.9806751012802124},"size":22.0,"orthographic":false}